<?xml version="1.0" encoding="UTF-8"?>
<!DOCTYPE mapper PUBLIC "-//mybatis.org//DTD Mapper 3.0//EN"
        "http://mybatis.org/dtd/mybatis-3-mapper.dtd">

<mapper namespace="com.example.lab_ch6.persistence.BoardMapper">

<!--    id 는 mapper 의 함수명과 일치.. parameterType - sql 실행을 위해 코드에서 전달되는 데이터-->
    <insert id="insertBoard" parameterType="Board">
        INSERT INTO BOARD (TITLE, WRITER, CONTENT)
        VALUES (#{title}, #{writer}, #{content})
    </insert>


    <update id="updateBoard">
        UPDATE board
        SET
        title = #{board.title},
        writer = #{board.writer},
        content = #{board.content}
        WHERE seq = #{seq}
    </update>


    <delete id="deleteBoard" parameterType="int">
        DELETE FROM board
        WHERE seq = #{seq}
    </delete>

    <select id="getBoardList" resultType="Board">
        SELECT * FROM BOARD ORDER BY SEQ DESC
    </select>

    <select id="getBoard" parameterType="int" resultType="Board">
        SELECT * FROM BOARD WHERE seq = #{seq}
    </select>
    

</mapper>



